Influencer,Instagram URL,DM Text,Sent (Y/N),Date Sent,Notes
Evy Beauty Skincare,NOT FOUND - search manually,"Hi Evy! Your skincare content is great, and your audience feels like a perfect match for our paid collab at Glowlane. Interested in hearing more?",N,,
Lavisha arora,NOT FOUND - search manually,"Hi Lavisha arora! Your makeup content is great, and your audience feels like a perfect match for our paid collab at Glowlane. Interested in hearing more?",N,,
Hiteshi Dodiya,NOT FOUND - search manually,"Hi Hiteshi, loved your video “Best makeup find for this”. Your beauty audience looks like a great fit for Glowlane's paid collab. Open to details?",N,,
Hannah Daniel,NOT FOUND - search manually,"Hi Hannah! Your skincare content is great, and your audience feels like a perfect match for our paid collab at Glowlane. Interested in hearing more?",N,,
Mahi Chaudhary,NOT FOUND - search manually,"Hi Mahi! Your makeup content is great, and your audience feels like a perfect match for our paid collab at Glowlane. Interested in hearing more?",N,,
Aanyaa,NOT FOUND - search manually,"Hi Aanyaa! Your makeup content is great, and your audience feels like a perfect match for our paid collab at Glowlane. Interested in hearing more?",N,,
Neelima,NOT FOUND - search manually,"Hi Neelima, loved your video “How to get rid of”. Your beauty audience looks like a great fit for Glowlane's paid collab. Open to details?",N,,
GlambyOmoye,NOT FOUND - search manually,"Hi GlambyOmoye! Your makeup content is great, and your audience feels like a perfect match for our paid collab at Glowlane. Interested in hearing more?",N,,
Notjustarushi,NOT FOUND - search manually,"Hi Notjustarushi, loved your video “Step by step Navratri makeup”. Your beauty audience looks like a great fit for Glowlane's paid collab. Open to details?",N,,
Jasmine Adetunji,NOT FOUND - search manually,"Hi Jasmine, loved your video “AVOID these concealer mistakes ❌”. Your beauty audience looks like a great fit for Glowlane's affiliate program. Open to details?",N,,
KryolanOfficial,NOT FOUND - search manually,"Hi KryolanOfficial! Your makeup content is great, and your audience feels like a perfect match for our affiliate program at Glowlane. Interested in hearing more?",N,,
Kashish Jain,NOT FOUND - search manually,"Hi Kashish, loved your video “glowy makeup✨”. Your beauty audience looks like a great fit for Glowlane's affiliate program. Open to details?",N,,
Its me Jossuty,NOT FOUND - search manually,"Hi Its me Jossuty, loved your video “Book your date : 6238162055”. Your beauty audience looks like a great fit for Glowlane's affiliate program. Open to details?",N,,
Aastha Beauty Parlour Makeup Tutorial,NOT FOUND - search manually,"Hi Aastha Beauty Parlour Makeup Tutorial, loved your video “Live Makeup Session: Get Ready”. Your beauty audience looks like a great fit for Glowlane's UGC campaign. Open to details?",N,,
Hà Giang,NOT FOUND - search manually,"Hi Hà Giang, loved your video “Rọi sáng màn đêm #hagiangmakeup”. Your beauty audience looks like a great fit for Glowlane's UGC campaign. Open to details?",N,,
Sangita's beauty Tips,NOT FOUND - search manually,"Hi Sangita's beauty Tips! Your makeup content is great, and your audience feels like a perfect match for our paid collab at Glowlane. Interested in hearing more?",N,,
⋆˚࿔ 𝐚𝐛𝐛𝐲,NOT FOUND - search manually,"Hi 𝐚𝐛𝐛𝐲, loved your video “#fashion #foryou #styling #elenagilbert #ootdguide”. Your fashion audience looks like a great fit for Glowlane's paid collab. Open to details?",N,,
Sunshine Sophie,NOT FOUND - search manually,"Hi Sunshine! Your makeup content is great, and your audience feels like a perfect match for our paid collab at Glowlane. Interested in hearing more?",N,,
Jasmine Loo,https://www.instagram.com/jasmineflowerable/,"Hi Jasmine, loved your video “Brutally honest rating of all”. Your beauty audience looks like a great fit for Glowlane's paid collab. Open to details?",N,,
Sophii,NOT FOUND - search manually,"Hi Sophii! Your makeup content is great, and your audience feels like a perfect match for our paid collab at Glowlane. Interested in hearing more?",N,,
LaurenManz,NOT FOUND - search manually,"Hi LaurenManz! Your hauls content is great, and your audience feels like a perfect match for our paid collab at Glowlane. Interested in hearing more?",N,,
⚔ 𝗝𝗘𝗘𝗭 𝗔𝗘𝗦𝗧𝗛𝗘𝗧𝗜𝗖 ⚔,NOT FOUND - search manually,"Hi 𝗝𝗘𝗘𝗭 𝗔𝗘𝗦𝗧𝗛𝗘𝗧𝗜𝗖, loved your video “all day y2k fits ideas✨😍”. Your fashion audience looks like a great fit for Glowlane's affiliate program. Open to details?",N,,
Jam Damian,NOT FOUND - search manually,"Hi Jam, loved your video “The Perfect Toasty Makeup (In-Depth”. Your beauty audience looks like a great fit for Glowlane's affiliate program. Open to details?",N,,
Jebbi,NOT FOUND - search manually,"Hi Jebbi, loved your video “Full shower routine #koreanskincare”. Your beauty audience looks like a great fit for Glowlane's affiliate program. Open to details?",N,,
Navena Sundarraj,NOT FOUND - search manually,"Hi Navena, loved your video “Perfect blush for all skintones😍”. Your beauty audience looks like a great fit for Glowlane's affiliate program. Open to details?",N,,
nikki rutherford,NOT FOUND - search manually,"Hi nikki rutherford, loved your video “⋆TRY ON⋆ THRIFT HAUL ˚.🎀༘⋆”. Your fashion audience looks like a great fit for Glowlane's affiliate program. Open to details?",N,,
Emily Jane,https://www.instagram.com/e.milyjanee/,"Hi Emily, loved your video “this is what REAL 2000s”. Your fashion audience looks like a great fit for Glowlane's affiliate program. Open to details?",N,,
Jaylene Rios,NOT FOUND - search manually,"Hi Jaylene, loved your video “Style a trench coat with”. Your fashion audience looks like a great fit for Glowlane's affiliate program. Open to details?",N,,
Aksenova Tights,NOT FOUND - search manually,"Hi Aksenova! Your styling content is great, and your audience feels like a perfect match for our affiliate program at Glowlane. Interested in hearing more?",N,,
Gabrielle Emerson,NOT FOUND - search manually,"Hi Gabrielle, loved your video “#acne #skincare #routine #gabrielle #glowup”. Your beauty audience looks like a great fit for Glowlane's affiliate program. Open to details?",N,,
Blessie's_MagicMix☆,NOT FOUND - search manually,"Hi Blessie's_MagicMix, loved your video “Earrings Haul From Meesho 🪷”. Your fashion audience looks like a great fit for Glowlane's affiliate program. Open to details?",N,,
Merlin Maria Emmanuel,NOT FOUND - search manually,"Hi Merlin! Your makeup content is great, and your audience feels like a perfect match for our UGC campaign at Glowlane. Interested in hearing more?",N,,
Sneha Raj Kaushik,NOT FOUND - search manually,"Hi Sneha! Your makeup content is great, and your audience feels like a perfect match for our UGC campaign at Glowlane. Interested in hearing more?",N,,
inspoandmee,NOT FOUND - search manually,"Hi inspoandmee! Your styling content is great, and your audience feels like a perfect match for our UGC campaign at Glowlane. Interested in hearing more?",N,,
Katherine LaLatina,NOT FOUND - search manually,"Hi Katherine LaLatina! Your makeup content is great, and your audience feels like a perfect match for our UGC campaign at Glowlane. Interested in hearing more?",N,,
shluggem,NOT FOUND - search manually,"Hi shluggem! Your styling content is great, and your audience feels like a perfect match for our UGC campaign at Glowlane. Interested in hearing more?",N,,
Pujitha Samai,https://www.instagram.com/pujitha.samai/,"Hi Pujitha, loved your video “♥️✨”. Your fashion audience looks like a great fit for Glowlane's UGC campaign. Open to details?",N,,
Explore with Prags,NOT FOUND - search manually,"Hi Explore with Prags! Your makeup content is great, and your audience feels like a perfect match for our UGC campaign at Glowlane. Interested in hearing more?",N,,
