Influencer,Email,Collab Angle,Subject,Email Pitch,Email Words,Instagram DM,DM Words,Generator,Approved
Evy Beauty Skincare,Not Found,paid sponsorship,"Evy, a collaboration with Glowlane?","Hi Evy,

“Evy Beauty Skincare est en direct !” stood out to me, and your skincare content feels genuinely useful.

Your beauty audience looks like a natural fit for Glowlane, a clean skincare and everyday accessories brand for young adults.

We'd love to explore a collaboration with you built around paid sponsorship, offering a paid integration with full creative freedom.

You'd keep full creative control, and I can send the brief and timeline whenever suits you.

Could I send over the details?

Best,
Naitik Jain
Glowlane",86,"Hi Evy! Your skincare content is great, and your audience feels like a perfect match for our paid collab at Glowlane. Interested in hearing more?",25,template_fallback,Yes
Lavisha arora,Not Found,paid sponsorship,Glowlane x Lavisha arora: collab idea,"Hi Lavisha arora,

Your recent video “Budget Makeup Products That works like expensive |” caught my eye, especially your take on makeup.

Your beauty audience looks like a natural fit for Glowlane, a clean skincare and everyday accessories brand for young adults.

We'd love to explore a collaboration with you built around paid sponsorship, offering a paid integration with full creative freedom.

Would you be open to a quick chat this week?

Best,
Naitik Jain
Glowlane",76,"Hi Lavisha arora! Your makeup content is great, and your audience feels like a perfect match for our paid collab at Glowlane. Interested in hearing more?",26,template_fallback,Yes
Hiteshi Dodiya,Not Found,paid sponsorship,Glowlane x Hiteshi: collab idea,"Hi Hiteshi,

I came across your video “Best makeup find for this festive season #makeup” and really enjoyed how you approach skincare.

We think your beauty community would genuinely connect with Glowlane, a clean skincare and everyday accessories brand for young adults.

We'd love to explore a collaboration with you built around paid sponsorship, offering a paid integration with full creative freedom.

You'd keep full creative control, and I can send the brief and timeline whenever suits you.

Is this something you'd be interested in?

Best,
Naitik Jain
Glowlane",89,"Hi Hiteshi, loved your video “Best makeup find for this”. Your beauty audience looks like a great fit for Glowlane's paid collab. Open to details?",25,template_fallback,Yes
Hannah Daniel,hannahdaniel.igyt@gmail.com,paid sponsorship,"Hannah, a collaboration with Glowlane?","Hi Hannah,

“*non sponsored* BRIGHTNING NIGHT SKINCARE ROUTINE ✨😍 pregnancy” stood out to me, and your skincare content feels genuinely useful.

Your beauty audience looks like a natural fit for Glowlane, a clean skincare and everyday accessories brand for young adults.

We'd love to explore a collaboration with you built around paid sponsorship, offering a paid integration with full creative freedom.

You'd keep full creative control, and I can send the brief and timeline whenever suits you.

Could I send over the details?

Best,
Naitik Jain
Glowlane",87,"Hi Hannah! Your skincare content is great, and your audience feels like a perfect match for our paid collab at Glowlane. Interested in hearing more?",25,template_fallback,Yes
Mahi Chaudhary,aruchaudhary874@gmail.com,paid sponsorship,Glowlane x Mahi: collab idea,"Hi Mahi,

Your recent video “My Night Skincare Routine for Glowy Skin 🌙✨” caught my eye, especially your take on makeup.

Your beauty audience looks like a natural fit for Glowlane, a clean skincare and everyday accessories brand for young adults.

Specifically, we're proposing paid sponsorship, with a paid integration with full creative freedom on our side.

You'd keep full creative control, and I can send the brief and timeline whenever suits you.

Would you be open to a quick chat this week?

Best,
Naitik Jain
Glowlane",87,"Hi Mahi! Your makeup content is great, and your audience feels like a perfect match for our paid collab at Glowlane. Interested in hearing more?",25,template_fallback,Yes
Aanyaa,aanyaaa1111@gmail.com,paid sponsorship,Quick collab idea for Aanyaa,"Hi Aanyaa,

Your recent video “#tuscanmakeup” caught my eye, especially your take on makeup.

Your beauty audience looks like a natural fit for Glowlane, a clean skincare and everyday accessories brand for young adults.

Specifically, we're proposing paid sponsorship, with a paid integration with full creative freedom on our side.

Your voice stays front and centre, and I'm happy to share the brief and timeline first.

Would you be open to a quick chat this week?

Best,
Naitik Jain
Glowlane",80,"Hi Aanyaa! Your makeup content is great, and your audience feels like a perfect match for our paid collab at Glowlane. Interested in hearing more?",25,template_fallback,Yes
Neelima,Not Found,paid sponsorship,"Neelima, a collaboration with Glowlane?","Hi Neelima,

I came across your video “How to get rid of hyperpigmentation #skincare” and really enjoyed how you approach makeup.

We think your beauty community would genuinely connect with Glowlane, a clean skincare and everyday accessories brand for young adults.

We'd love to explore a collaboration with you built around paid sponsorship, offering a paid integration with full creative freedom.

Would you be open to a quick chat this week?

Best,
Naitik Jain
Glowlane",75,"Hi Neelima, loved your video “How to get rid of”. Your beauty audience looks like a great fit for Glowlane's paid collab. Open to details?",25,template_fallback,Yes
GlambyOmoye,Not Found,paid sponsorship,"GlambyOmoye, a collaboration with Glowlane?","Hi GlambyOmoye,

“Pre wedding glam on my client - CHI.” stood out to me, and your makeup content feels genuinely useful.

We think your beauty community would genuinely connect with Glowlane, a clean skincare and everyday accessories brand for young adults.

We'd love to explore a collaboration with you built around paid sponsorship, offering a paid integration with full creative freedom.

Would you be open to a quick chat this week?

Best,
Naitik Jain
Glowlane",75,"Hi GlambyOmoye! Your makeup content is great, and your audience feels like a perfect match for our paid collab at Glowlane. Interested in hearing more?",25,template_fallback,Yes
Notjustarushi,Not Found,paid sponsorship,Quick collab idea for Notjustarushi,"Hi Notjustarushi,

Your recent video “Step by step Navratri makeup tutorial✨” caught my eye, especially your take on makeup.

We think your beauty community would genuinely connect with Glowlane, a clean skincare and everyday accessories brand for young adults.

We'd love to explore a collaboration with you built around paid sponsorship, offering a paid integration with full creative freedom.

You'd keep full creative control, and I can send the brief and timeline whenever suits you.

Would you be open to a quick chat this week?

Best,
Naitik Jain
Glowlane",89,"Hi Notjustarushi, loved your video “Step by step Navratri makeup”. Your beauty audience looks like a great fit for Glowlane's paid collab. Open to details?",25,template_fallback,Yes
Jasmine Adetunji,hello@jasadetunji.com,affiliate marketing,"Jasmine, a collaboration with Glowlane?","Hi Jasmine,

I came across your video “AVOID these concealer mistakes ❌ #makeup” and really enjoyed how you approach makeup.

Your beauty audience looks like a natural fit for Glowlane, a clean skincare and everyday accessories brand for young adults.

We'd love to explore a collaboration with you built around affiliate marketing, offering a commission on every sale through your code.

Would you be open to a quick chat this week?

Best,
Naitik Jain
Glowlane",75,"Hi Jasmine, loved your video “AVOID these concealer mistakes ❌”. Your beauty audience looks like a great fit for Glowlane's affiliate program. Open to details?",25,template_fallback,Yes
KryolanOfficial,Not Found,affiliate marketing,Glowlane x KryolanOfficial: collab idea,"Hi KryolanOfficial,

Your recent video “Glam Devil Halloween Make-up Tutorial” caught my eye, especially your take on makeup.

We think your beauty community would genuinely connect with Glowlane, a clean skincare and everyday accessories brand for young adults.

Specifically, we're proposing affiliate marketing, with a commission on every sale through your code on our side.

You'd keep full creative control, and I can send the brief and timeline whenever suits you.

Would you be open to a quick chat this week?

Best,
Naitik Jain
Glowlane",85,"Hi KryolanOfficial! Your makeup content is great, and your audience feels like a perfect match for our affiliate program at Glowlane. Interested in hearing more?",25,template_fallback,Yes
Kashish Jain,team@kashishjain.in,affiliate marketing,Quick collab idea for Kashish,"Hi Kashish,

I came across your video “glowy makeup✨” and really enjoyed how you approach makeup.

We think your beauty community would genuinely connect with Glowlane, a clean skincare and everyday accessories brand for young adults.

Specifically, we're proposing affiliate marketing, with a commission on every sale through your code on our side.

Your voice stays front and centre, and I'm happy to share the brief and timeline first.

Could I send over the details?

Best,
Naitik Jain
Glowlane",79,"Hi Kashish, loved your video “glowy makeup✨”. Your beauty audience looks like a great fit for Glowlane's affiliate program. Open to details?",22,template_fallback,Yes
Its me Jossuty,Not Found,affiliate marketing,"Its me Jossuty, a collaboration with Glowlane?","Hi Its me Jossuty,

I came across your video “Book your date : 6238162055 #weddingday #bridallook #makeup” and really enjoyed how you approach makeup.

Your beauty audience looks like a natural fit for Glowlane, a clean skincare and everyday accessories brand for young adults.

Specifically, we're proposing affiliate marketing, with a commission on every sale through your code on our side.

You'd keep full creative control, and I can send the brief and timeline whenever suits you.

Could I send over the details?

Best,
Naitik Jain
Glowlane",87,"Hi Its me Jossuty, loved your video “Book your date : 6238162055”. Your beauty audience looks like a great fit for Glowlane's affiliate program. Open to details?",27,template_fallback,Yes
Aastha Beauty Parlour Makeup Tutorial,Not Found,UGC content creation,Quick collab idea for Aastha Beauty Parlour Makeup,"Hi Aastha Beauty Parlour Makeup Tutorial,

I came across your video “Live Makeup Session: Get Ready With Me! 💄✨” and really enjoyed how you approach haircare.

Your beauty audience looks like a natural fit for Glowlane, a clean skincare and everyday accessories brand for young adults.

Specifically, we're proposing UGC content creation, with free products plus a flat fee per video on our side.

You'd keep full creative control, and I can send the brief and timeline whenever suits you.

Could I send over the details?

Best,
Naitik Jain
Glowlane",90,"Hi Aastha Beauty Parlour Makeup Tutorial, loved your video “Live Makeup Session: Get Ready”. Your beauty audience looks like a great fit for Glowlane's UGC campaign. Open to details?",29,template_fallback,Yes
Hà Giang,Not Found,UGC content creation,"Hà Giang, a collaboration with Glowlane?","Hi Hà Giang,

I came across your video “Rọi sáng màn đêm #hagiangmakeup #makeup #transition #trending” and really enjoyed how you approach makeup.

We think your beauty community would genuinely connect with Glowlane, a clean skincare and everyday accessories brand for young adults.

We'd love to explore a collaboration with you built around UGC content creation, offering free products plus a flat fee per video.

Could I send over the details?

Best,
Naitik Jain
Glowlane",75,"Hi Hà Giang, loved your video “Rọi sáng màn đêm #hagiangmakeup”. Your beauty audience looks like a great fit for Glowlane's UGC campaign. Open to details?",26,template_fallback,Yes
Sangita's beauty Tips,sangitasbeautyips@gmail.com,paid sponsorship,Quick collab idea for Sangita's beauty Tips,"Hi Sangita's beauty Tips,

I came across your video “How To Use d’Alba First Spray serum?🤔#beauty #skincare” and really enjoyed how you approach makeup.

Your beauty audience looks like a natural fit for Glowlane, a clean skincare and everyday accessories brand for young adults.

We'd love to explore a collaboration with you built around paid sponsorship, offering a paid integration with full creative freedom.

Would you be open to a quick chat this week?

Best,
Naitik Jain
Glowlane",78,"Hi Sangita's beauty Tips! Your makeup content is great, and your audience feels like a perfect match for our paid collab at Glowlane. Interested in hearing more?",27,template_fallback,No
⋆˚࿔ 𝐚𝐛𝐛𝐲,abby-pr@outlook.com,paid sponsorship,Quick collab idea for 𝐚𝐛𝐛𝐲,"Hi 𝐚𝐛𝐛𝐲,

Your recent video “#fashion #foryou #styling #elenagilbert #ootdguide” caught my eye, especially your take on styling.

Your fashion audience looks like a natural fit for Glowlane, a clean skincare and everyday accessories brand for young adults.

We'd love to explore a collaboration with you built around paid sponsorship, offering a paid integration with full creative freedom.

You'd keep full creative control, and I can send the brief and timeline whenever suits you.

Could I send over the details?

Best,
Naitik Jain
Glowlane",84,"Hi 𝐚𝐛𝐛𝐲, loved your video “#fashion #foryou #styling #elenagilbert #ootdguide”. Your fashion audience looks like a great fit for Glowlane's paid collab. Open to details?",25,template_fallback,No
Sunshine Sophie,eternity.for.life.business@gmail.com,paid sponsorship,Glowlane x Sunshine: collab idea,"Hi Sunshine,

Your recent video “#room #kawaii #kpop #anime #sanrio #cute #japan #korea” caught my eye, especially your take on makeup.

Your beauty audience looks like a natural fit for Glowlane, a clean skincare and everyday accessories brand for young adults.

We'd love to explore a collaboration with you built around paid sponsorship, offering a paid integration with full creative freedom.

You'd keep full creative control, and I can send the brief and timeline whenever suits you.

Is this something you'd be interested in?

Best,
Naitik Jain
Glowlane",88,"Hi Sunshine! Your makeup content is great, and your audience feels like a perfect match for our paid collab at Glowlane. Interested in hearing more?",25,template_fallback,No
Jasmine Loo,jasmine@hugsandpeaches.com,paid sponsorship,Quick collab idea for Jasmine,"Hi Jasmine,

“Brutally honest rating of all my empties part.2” stood out to me, and your makeup content feels genuinely useful.

We think your beauty community would genuinely connect with Glowlane, a clean skincare and everyday accessories brand for young adults.

We'd love to explore a collaboration with you built around paid sponsorship, offering a paid integration with full creative freedom.

Your voice stays front and centre, and I'm happy to share the brief and timeline first.

Could I send over the details?

Best,
Naitik Jain
Glowlane",87,"Hi Jasmine, loved your video “Brutally honest rating of all”. Your beauty audience looks like a great fit for Glowlane's paid collab. Open to details?",25,template_fallback,No
Sophii,lovedsophi@gmail.com,paid sponsorship,Glowlane x Sophii: collab idea,"Hi Sophii,

Your recent video “LOL #grwm #makeup #makeuptips #nails #transition” caught my eye, especially your take on makeup.

We think your beauty community would genuinely connect with Glowlane, a clean skincare and everyday accessories brand for young adults.

Specifically, we're proposing paid sponsorship, with a paid integration with full creative freedom on our side.

You'd keep full creative control, and I can send the brief and timeline whenever suits you.

Is this something you'd be interested in?

Best,
Naitik Jain
Glowlane",82,"Hi Sophii! Your makeup content is great, and your audience feels like a perfect match for our paid collab at Glowlane. Interested in hearing more?",25,template_fallback,No
LaurenManz,lauren.manzer@thestation.io,paid sponsorship,Quick collab idea for LaurenManz,"Hi LaurenManz,

Your recent video “My haul from 5 STORES in one day!!” caught my eye, especially your take on hauls.

Your fashion audience looks like a natural fit for Glowlane, a clean skincare and everyday accessories brand for young adults.

Specifically, we're proposing paid sponsorship, with a paid integration with full creative freedom on our side.

Your voice stays front and centre, and I'm happy to share the brief and timeline first.

Would you be open to a quick chat this week?

Best,
Naitik Jain
Glowlane",87,"Hi LaurenManz! Your hauls content is great, and your audience feels like a perfect match for our paid collab at Glowlane. Interested in hearing more?",25,template_fallback,No
⚔ 𝗝𝗘𝗘𝗭 𝗔𝗘𝗦𝗧𝗛𝗘𝗧𝗜𝗖 ⚔,Not Found,affiliate marketing,Glowlane x 𝗝𝗘𝗘𝗭 𝗔𝗘𝗦𝗧𝗛𝗘𝗧𝗜𝗖: collab idea,"Hi 𝗝𝗘𝗘𝗭 𝗔𝗘𝗦𝗧𝗛𝗘𝗧𝗜𝗖,

Your recent video “all day y2k fits ideas✨😍 #subscribe #fashion #ootdguide” caught my eye, especially your take on styling.

Your fashion audience looks like a natural fit for Glowlane, a clean skincare and everyday accessories brand for young adults.

Specifically, we're proposing affiliate marketing, with a commission on every sale through your code on our side.

Your voice stays front and centre, and I'm happy to share the brief and timeline first.

Could I send over the details?

Best,
Naitik Jain
Glowlane",85,"Hi 𝗝𝗘𝗘𝗭 𝗔𝗘𝗦𝗧𝗛𝗘𝗧𝗜𝗖, loved your video “all day y2k fits ideas✨😍”. Your fashion audience looks like a great fit for Glowlane's affiliate program. Open to details?",26,template_fallback,No
Jam Damian,Not Found,affiliate marketing,Quick collab idea for Jam,"Hi Jam,

“The Perfect Toasty Makeup (In-Depth Tutorial)” stood out to me, and your makeup content feels genuinely useful.

Your beauty audience looks like a natural fit for Glowlane, a clean skincare and everyday accessories brand for young adults.

Specifically, we're proposing affiliate marketing, with a commission on every sale through your code on our side.

Your voice stays front and centre, and I'm happy to share the brief and timeline first.

Could I send over the details?

Best,
Naitik Jain
Glowlane",82,"Hi Jam, loved your video “The Perfect Toasty Makeup (In-Depth”. Your beauty audience looks like a great fit for Glowlane's affiliate program. Open to details?",25,template_fallback,No
Jebbi,Not Found,affiliate marketing,Glowlane x Jebbi: collab idea,"Hi Jebbi,

“Full shower routine #koreanskincare” stood out to me, and your skincare content feels genuinely useful.

We think your beauty community would genuinely connect with Glowlane, a clean skincare and everyday accessories brand for young adults.

We'd love to explore a collaboration with you built around affiliate marketing, offering a commission on every sale through your code.

You'd keep full creative control, and I can send the brief and timeline whenever suits you.

Could I send over the details?

Best,
Naitik Jain
Glowlane",84,"Hi Jebbi, loved your video “Full shower routine #koreanskincare”. Your beauty audience looks like a great fit for Glowlane's affiliate program. Open to details?",24,template_fallback,No
Navena Sundarraj,Not Found,affiliate marketing,Quick collab idea for Navena,"Hi Navena,

“Perfect blush for all skintones😍 #trending #makeup #blush” stood out to me, and your makeup content feels genuinely useful.

We think your beauty community would genuinely connect with Glowlane, a clean skincare and everyday accessories brand for young adults.

We'd love to explore a collaboration with you built around affiliate marketing, offering a commission on every sale through your code.

Would you be open to a quick chat this week?

Best,
Naitik Jain
Glowlane",76,"Hi Navena, loved your video “Perfect blush for all skintones😍”. Your beauty audience looks like a great fit for Glowlane's affiliate program. Open to details?",25,template_fallback,No
nikki rutherford,hello.nikkiruth@gmail.com,affiliate marketing,"nikki rutherford, a collaboration with Glowlane?","Hi nikki rutherford,

I came across your video “⋆TRY ON⋆ THRIFT HAUL ˚.🎀༘⋆” and really enjoyed how you approach hauls.

Your fashion audience looks like a natural fit for Glowlane, a clean skincare and everyday accessories brand for young adults.

We'd love to explore a collaboration with you built around affiliate marketing, offering a commission on every sale through your code.

Would you be open to a quick chat this week?

Best,
Naitik Jain
Glowlane",75,"Hi nikki rutherford, loved your video “⋆TRY ON⋆ THRIFT HAUL ˚.🎀༘⋆”. Your fashion audience looks like a great fit for Glowlane's affiliate program. Open to details?",26,template_fallback,No
Emily Jane,enquiries.emilyjane@gmail.com,affiliate marketing,Quick collab idea for Emily,"Hi Emily,

“this is what REAL 2000s streetwear looked like” stood out to me, and your styling content feels genuinely useful.

Your fashion audience looks like a natural fit for Glowlane, a clean skincare and everyday accessories brand for young adults.

Specifically, we're proposing affiliate marketing, with a commission on every sale through your code on our side.

Your voice stays front and centre, and I'm happy to share the brief and timeline first.

Is this something you'd be interested in?

Best,
Naitik Jain
Glowlane",85,"Hi Emily, loved your video “this is what REAL 2000s”. Your fashion audience looks like a great fit for Glowlane's affiliate program. Open to details?",25,template_fallback,No
Jaylene Rios,Not Found,affiliate marketing,Quick collab idea for Jaylene,"Hi Jaylene,

“Style a trench coat with me for fall!🧸☕️🍂” stood out to me, and your styling content feels genuinely useful.

We think your fashion community would genuinely connect with Glowlane, a clean skincare and everyday accessories brand for young adults.

We'd love to explore a collaboration with you built around affiliate marketing, offering a commission on every sale through your code.

Would you be open to a quick chat this week?

Best,
Naitik Jain
Glowlane",76,"Hi Jaylene, loved your video “Style a trench coat with”. Your fashion audience looks like a great fit for Glowlane's affiliate program. Open to details?",25,template_fallback,No
Aksenova Tights,Not Found,affiliate marketing,Glowlane x Aksenova: collab idea,"Hi Aksenova,

Your recent video “Autumn Tights Outfit Ideas 🍂 | Tights Style” caught my eye, especially your take on styling.

We think your fashion community would genuinely connect with Glowlane, a clean skincare and everyday accessories brand for young adults.

We'd love to explore a collaboration with you built around affiliate marketing, offering a commission on every sale through your code.

You'd keep full creative control, and I can send the brief and timeline whenever suits you.

Is this something you'd be interested in?

Best,
Naitik Jain
Glowlane",89,"Hi Aksenova! Your styling content is great, and your audience feels like a perfect match for our affiliate program at Glowlane. Interested in hearing more?",25,template_fallback,No
Gabrielle Emerson,Not Found,affiliate marketing,"Gabrielle, a collaboration with Glowlane?","Hi Gabrielle,

“#acne #skincare #routine #gabrielle #glowup Paula's Choice Naturium” stood out to me, and your makeup content feels genuinely useful.

Your beauty audience looks like a natural fit for Glowlane, a clean skincare and everyday accessories brand for young adults.

We'd love to explore a collaboration with you built around affiliate marketing, offering a commission on every sale through your code.

Would you be open to a quick chat this week?

Best,
Naitik Jain
Glowlane",76,"Hi Gabrielle, loved your video “#acne #skincare #routine #gabrielle #glowup”. Your beauty audience looks like a great fit for Glowlane's affiliate program. Open to details?",25,template_fallback,No
Blessie's_MagicMix☆,Not Found,affiliate marketing,Quick collab idea for Blessie's_MagicMix,"Hi Blessie's_MagicMix,

Your recent video “Earrings Haul From Meesho 🪷 #earrings #trending #meesho” caught my eye, especially your take on styling.

Your fashion audience looks like a natural fit for Glowlane, a clean skincare and everyday accessories brand for young adults.

Specifically, we're proposing affiliate marketing, with a commission on every sale through your code on our side.

You'd keep full creative control, and I can send the brief and timeline whenever suits you.

Is this something you'd be interested in?

Best,
Naitik Jain
Glowlane",85,"Hi Blessie's_MagicMix, loved your video “Earrings Haul From Meesho 🪷”. Your fashion audience looks like a great fit for Glowlane's affiliate program. Open to details?",25,template_fallback,No
Merlin Maria Emmanuel,makeupbymerlin02@gmail.com,UGC content creation,"Merlin, a collaboration with Glowlane?","Hi Merlin,

“Brown lip combo perfect for all skin tones✨#lipcombo” stood out to me, and your makeup content feels genuinely useful.

Your beauty audience looks like a natural fit for Glowlane, a clean skincare and everyday accessories brand for young adults.

Specifically, we're proposing UGC content creation, with free products plus a flat fee per video on our side.

You'd keep full creative control, and I can send the brief and timeline whenever suits you.

Would you be open to a quick chat this week?

Best,
Naitik Jain
Glowlane",89,"Hi Merlin! Your makeup content is great, and your audience feels like a perfect match for our UGC campaign at Glowlane. Interested in hearing more?",25,template_fallback,No
Sneha Raj Kaushik,sneharajkaushik822@gmail.com,UGC content creation,Glowlane x Sneha: collab idea,"Hi Sneha,

“Swiss Beauty Eye Makeup ✨ Kajal + Eyeliner” stood out to me, and your makeup content feels genuinely useful.

We think your beauty community would genuinely connect with Glowlane, a clean skincare and everyday accessories brand for young adults.

We'd love to explore a collaboration with you built around UGC content creation, offering free products plus a flat fee per video.

Would you be open to a quick chat this week?

Best,
Naitik Jain
Glowlane",77,"Hi Sneha! Your makeup content is great, and your audience feels like a perfect match for our UGC campaign at Glowlane. Interested in hearing more?",25,template_fallback,No
inspoandmee,Not Found,UGC content creation,Quick collab idea for inspoandmee,"Hi inspoandmee,

Your recent video “love fit + hair (not mine) #swag #ootd” caught my eye, especially your take on styling.

We think your fashion community would genuinely connect with Glowlane, a clean skincare and everyday accessories brand for young adults.

We'd love to explore a collaboration with you built around UGC content creation, offering free products plus a flat fee per video.

Your voice stays front and centre, and I'm happy to share the brief and timeline first.

Could I send over the details?

Best,
Naitik Jain
Glowlane",89,"Hi inspoandmee! Your styling content is great, and your audience feels like a perfect match for our UGC campaign at Glowlane. Interested in hearing more?",25,template_fallback,No
Katherine LaLatina,Not Found,UGC content creation,"Katherine LaLatina, a collaboration with Glowlane?","Hi Katherine LaLatina,

I came across your video “Trying these NEW Patrick Ta limited-edition trio travel-friendly” and really enjoyed how you approach makeup.

Your beauty audience looks like a natural fit for Glowlane, a clean skincare and everyday accessories brand for young adults.

Specifically, we're proposing UGC content creation, with free products plus a flat fee per video on our side.

You'd keep full creative control, and I can send the brief and timeline whenever suits you.

Could I send over the details?

Best,
Naitik Jain
Glowlane",87,"Hi Katherine LaLatina! Your makeup content is great, and your audience feels like a perfect match for our UGC campaign at Glowlane. Interested in hearing more?",26,template_fallback,No
shluggem,Not Found,UGC content creation,Quick collab idea for shluggem,"Hi shluggem,

I came across your video “1 Shoe 3 Outfits #outfitideas #outfitinspo #styleinspo #styling” and really enjoyed how you approach styling.

We think your fashion community would genuinely connect with Glowlane, a clean skincare and everyday accessories brand for young adults.

We'd love to explore a collaboration with you built around UGC content creation, offering free products plus a flat fee per video.

Your voice stays front and centre, and I'm happy to share the brief and timeline first.

Could I send over the details?

Best,
Naitik Jain
Glowlane",90,"Hi shluggem! Your styling content is great, and your audience feels like a perfect match for our UGC campaign at Glowlane. Interested in hearing more?",25,template_fallback,No
Pujitha Samai,Not Found,UGC content creation,"Pujitha, a collaboration with Glowlane?","Hi Pujitha,

Your recent video “♥️✨” caught my eye, especially your take on styling.

Your fashion audience looks like a natural fit for Glowlane, a clean skincare and everyday accessories brand for young adults.

Specifically, we're proposing UGC content creation, with free products plus a flat fee per video on our side.

Your voice stays front and centre, and I'm happy to share the brief and timeline first.

Could I send over the details?

Best,
Naitik Jain
Glowlane",78,"Hi Pujitha, loved your video “♥️✨”. Your fashion audience looks like a great fit for Glowlane's UGC campaign. Open to details?",21,template_fallback,No
Explore with Prags,Not Found,UGC content creation,Glowlane x Explore with Prags: collab idea,"Hi Explore with Prags,

Your recent video “Mini vlog 🌻✨#minivlog # #ytshortsindia #vlog #ytshorts #pinterestinspired” caught my eye, especially your take on makeup.

Your beauty audience looks like a natural fit for Glowlane, a clean skincare and everyday accessories brand for young adults.

Specifically, we're proposing UGC content creation, with free products plus a flat fee per video on our side.

Would you be open to a quick chat this week?

Best,
Naitik Jain
Glowlane",75,"Hi Explore with Prags! Your makeup content is great, and your audience feels like a perfect match for our UGC campaign at Glowlane. Interested in hearing more?",27,template_fallback,No
